first_name,last_name,hospital_number,date_of_birth,email
John,Doe,HN001,1980/05/15,johndoe@example.com
Jane,Smith,HN002,1975/08/20,janesmith@example.com
Michael,Johnson,HN003,1992/03/10,michaeljohnson@example.com
Emily,Williams,HN004,1988/11/25,emilywilliams@example.com
Christopher,Brown,HN005,1970/06/30,christopherbrown@example.com
Amanda,Jones,HN006,1985/09/05,amandajones@example.com
David,Garcia,HN007,1978/04/12,davidgarcia@example.com
Sarah,Martinez,HN008,1995/01/22,sarahmartinez@example.com
Matthew,Hernandez,HN009,1982/07/18,matthewhernandez@example.com
Jessica,Young,HN010,1973/12/28,jessicayoung@example.com
Daniel,King,HN011,1990/02/14,danielking@example.com
Jennifer,Lopez,HN012,1984/10/08,jenniferlopez@example.com
James,Hill,HN013,1977/05/03,jameshill@example.com
Ashley,Scott,HN014,1998/08/17,ashleyscott@example.com
Joshua,Green,HN015,1981/03/05,joshuagreen@example.com
Mary,Adams,HN016,1976/09/10,maryadams@example.com
Christopher,Baker,HN017,1993/11/20,christopherbaker@example.com
Laura,Gonzalez,HN018,1989/06/15,lauragonzalez@example.com
Kevin,Nelson,HN019,1971/01/30,kevinnelson@example.com
Amanda,Carter,HN020,1986/07/25,amandacarter@example.com
Ryan,Mitchell,HN021,1979/04/02,ryanmitchell@example.com
Melissa,Perez,HN022,1994/09/12,melissaperez@example.com
Kimberly,Roberts,HN023,1983/02/18,kimberlyroberts@example.com
Richard,Turner,HN024,1974/08/07,richardturner@example.com
Michelle,Phillips,HN025,1991/12/24,michellephillips@example.com
Jason,Campbell,HN026,1980/06/29,jasoncampbell@example.com
David,Parker,HN027,1978/11/14,davidparker@example.com
Stephanie,Evans,HN028,1995/04/08,stephanieevans@example.com
Brian,Edwards,HN029,1982/09/23,brianedwards@example.com
Jessica,Collins,HN030,1973/04/05,jessicacollins@example.com
John,Stewart,HN031,1990/10/20,johnstewart@example.com
Patricia,Turner,HN032,1984/07/15,patriciaturner@example.com
Charles,Flores,HN033,1977/02/01,charlesflores@example.com
Megan,Hall,HN034,1998/05/26,meganhall@example.com
Scott,Morris,HN035,1981/12/09,scottmorris@example.com
Heather,Sanchez,HN036,1976/06/24,heathersanchez@example.com
Nicholas,Rivera,HN037,1993/01/10,nicholasrivera@example.com
Rebecca,White,HN038,1989/08/04,rebeccawhite@example.com
Jacob,Allen,HN039,1970/03/19,jacoballen@example.com
Crystal,Young,HN040,1985/10/14,crystalyoung@example.com
Shawn,Hernandez,HN041,1992/06/28,shawnhernandez@example.com
Linda,Clark,HN042,1979/11/03,lindaclark@example.com
Justin,King,HN043,1994/04/16,justinking@example.com
Katherine,Lewis,HN044,1983/09/21,katherinelewis@example.com
Alan,Lee,HN045,1974/02/06,alanlee@example.com
Tiffany,Walker,HN046,1991/07/11,tiffanywalker@example.com
Terry,Hall,HN047,1980/12/26,terryhall@example.com
Andrea,Young,HN048,1975/05/31,andreayoung@example.com
Brandon,Hernandez,HN049,1986/10/25,brandonhernandez@example.com
Brittany,Lopez,HN050,1971/03/12,brittanylopez@example.com
